{"Triga": {"K3739": [0.0, 0.0], "source_sha": "c803ba256ef1e400596cc48908d17e51143057a1", "Cl_K": [0.227, 0.0], "K3839": [0.013, 0.0], "K4039": [0.007614, 0.000105], "Ca3837": [4e-05, 2e-06], "Cl3638": [250.0, 0.0], "Ca_K": [1.96, 0.0], "source_path": "C:\\Users\\raregas\\Pychron3\\data\\.dvc\\MetaData\\UW142\\productions\\A.json", "Ca3937": [0.00066, 1e-05], "Ca3637": [0.000264, 1e-06]}, "OSU": {"Ca3637": [0.0002702, 4e-07], "Ca3837": [1.96e-05, 8e-07], "Ca3937": [0.000702, 1.2e-05], "Ca_K": [2.32, 0.0], "Cl3638": [263.0, 0.0], "Cl_K": [0.227, 0.0], "K3739": [0.000224, 1.6e-05], "K3839": [0.01215, 3e-05], "K4039": [0.00073, 9e-05], "source_path": "C:\\Users\\ANGL-pychron\\Pychron\\data\\.dvc\\ANGLMeta\\UA001\\productions\\OSU.json", "source_sha": "af3b0c16b58fd37b539acb58397d4c314799f7d6"}}