{
    "Ca3637": [
        0.0002702,
        4e-07
    ],
    "Ca3837": [
        1.96e-05,
        8e-07
    ],
    "Ca3937": [
        0.000702,
        1.2e-05
    ],
    "Ca_K": [
        2.32,
        0.0
    ],
    "Cl3638": [
        263.0,
        0.0
    ],
    "Cl_K": [
        0.227,
        0.0
    ],
    "K3739": [
        0.000224,
        1.6e-05
    ],
    "K3839": [
        0.01215,
        3e-05
    ],
    "K4039": [
        0.00073,
        9e-05
    ]
}